,Team,No,Name,7mPGoals,7mPMissed,6mCGoals,6mCMissed,WingGoals,WingMissed,BTGoals,BTMissed,FBGoals,FBMissed,FTOGoals,FTOMissed,9mGoals,9mMissed,RC,2M,2+2,AS,R7,ST,BS,P7,TO,Time,scoring,Position,topk,top1
0,POR,6,Carolina Nunes Monteiro,0,0,0,0,0,2,0,0,1,0,0,0,0,0,0,0,0,0,0,1,0,0,3,111.0,0,LW,0,0
1,ESP,93,Nicole Alejandra Morales Claure,0,0,0,0,0,0,0,0,0,0,0,1,0,0,0,0,0,0,0,0,0,0,0,40.0,0,GK,0,0
2,POL,78,Paulina Uscinowicz,0,0,3,0,0,0,1,0,0,0,1,1,10,10,1,3,0,8,0,1,5,0,13,176.0,0,LB,0,0
3,FAR,1,Annika Fridheim Petersen,0,0,0,0,0,0,0,0,0,0,0,0,0,0,0,0,0,0,0,0,0,0,0,96.0,0,GK,0,0
4,SVK,11,Olívia Šcípová,0,0,0,0,0,0,0,0,0,0,0,0,0,3,0,0,0,1,0,1,0,0,4,17.0,0,LB,0,0
5,ESP,19,Ester Somaza Bosch,0,0,1,0,0,0,2,0,1,0,1,2,3,0,0,0,0,4,0,0,3,0,3,52.0,0,LB,0,0
6,SRB,15,Andjela Janjusevic,8,3,5,3,0,0,4,1,2,0,0,0,2,3,0,2,0,10,0,0,0,0,14,163.0,0,RB,0,0
7,FRA,26,Pauletta Foppa,0,0,16,7,0,0,3,1,3,1,1,2,0,0,0,0,0,21,0,8,3,0,7,329.0,0,LP,1,0
8,UKR,10,Iryna Prokopiak,0,0,0,0,3,2,0,0,0,0,0,0,0,0,0,4,0,0,0,2,0,0,0,95.0,0,LP,0,0
9,GER,27,Julia Maidhof,1,1,2,1,3,2,4,3,5,0,0,0,3,0,0,3,0,4,0,1,1,0,2,175.0,0,RB,0,0
10,MKD,19,Iva Mladenovska,0,0,1,0,0,0,1,0,0,0,0,0,1,3,0,2,0,0,0,1,0,0,3,42.0,0,RB,0,0
11,TUR,47,Büsra Isikhan,0,0,1,0,0,0,0,0,0,0,0,0,0,0,0,0,0,0,0,0,1,0,0,6.0,0,LP,0,0
12,POR,2,Mariana Ferreira Lopes,0,0,0,4,0,0,1,0,0,0,0,0,4,3,0,2,0,2,0,0,0,0,5,46.0,0,LB,0,0
13,ESP,10,Elisabet Cesáreo Romero,0,0,0,1,0,0,0,0,0,0,0,0,0,0,0,1,0,0,0,0,0,0,2,35.0,0,LP,0,0
14,ISL,33,Katrin Tinna Jensdottir,0,0,0,0,0,0,0,0,0,0,0,0,0,0,0,0,0,0,0,0,0,0,0,11.0,0,LP,0,0
15,NOR,25,Henny Ella Reistad,16,2,9,6,0,1,15,5,0,0,1,1,9,17,0,1,0,45,0,5,0,0,25,283.0,0,CB,1,1
16,SRB,3,Teodora Velickovic,0,0,0,0,0,0,1,1,0,0,0,0,1,0,0,2,0,2,0,0,0,0,2,18.0,0,LB,0,0
17,SLO,30,Dijana Ðajic,0,0,0,0,0,0,0,0,0,0,0,0,0,0,0,0,0,0,0,0,0,0,1,76.0,0,GK,0,0
18,ISL,24,Katrín Anna Ásmundsdóttir,0,0,0,0,1,0,0,0,0,0,0,0,0,0,0,0,0,0,0,0,0,0,2,16.0,0,RW,0,0
19,MNE,12,Armelle Kelly Attingre,0,0,0,0,0,0,0,0,0,0,0,0,0,0,0,1,0,0,0,0,0,0,1,267.0,0,GK,0,0
20,AUT,3,Katarina Pandža,2,0,0,3,0,0,1,1,0,0,0,0,3,4,0,2,0,7,0,0,0,0,5,86.0,0,LB,0,0
21,SUI,7,Tabea Schmid,7,2,29,16,0,0,0,0,1,0,7,7,0,0,1,4,0,5,0,2,3,0,3,326.0,0,LP,1,0
22,ROU,27,Lorena Gabriela Ostase,0,0,24,8,0,0,0,0,4,0,5,7,0,0,1,4,0,11,0,4,4,0,6,360.0,0,LP,1,0
23,MNE,97,Nikolina Vukcevic,0,0,0,0,0,0,0,0,0,0,0,0,0,0,0,0,0,0,0,0,0,0,0,0.0,0,LP,0,0
24,CRO,10,Dejana Milosavljevic,2,0,0,1,0,0,3,3,0,0,1,2,2,3,0,0,0,6,0,0,0,0,9,106.0,0,CB,0,0
25,SWE,16,Jessica Ryde,0,0,0,0,0,0,0,0,0,0,0,0,0,0,0,0,0,0,0,0,0,0,0,58.0,0,GK,0,0
26,ROU,16,Ioana Raluca Kelemen,0,0,0,0,0,0,0,0,0,0,0,0,0,0,0,0,0,0,0,0,0,0,0,23.0,0,GK,0,0
27,GER,20,Emily Bölk,0,0,0,2,0,0,3,2,0,0,1,1,14,20,0,4,0,19,0,2,2,0,9,268.0,0,LB,0,0
28,MNE,96,Itana Grbic,5,1,4,5,0,0,4,4,0,0,0,0,10,8,0,2,0,18,0,0,0,0,21,203.0,0,LW,0,0
29,MNE,10,Matea Pletikosic,0,0,1,1,0,0,12,7,0,0,1,1,1,2,0,0,0,29,0,1,0,0,25,164.0,0,CB,0,0
30,TUR,61,Eda Nur Cetin,0,1,0,0,0,0,1,0,0,0,0,0,2,1,0,1,0,0,0,0,0,0,1,23.0,0,LB,0,0
31,SLO,50,Tea Pogorelc,2,2,1,0,0,0,0,0,0,0,0,0,1,4,0,0,0,0,0,0,0,0,2,20.0,0,LB,0,0
32,HUN,58,Réka Bordás,0,0,2,1,0,0,0,0,0,0,0,1,0,0,0,5,0,0,0,2,2,0,3,202.0,0,LP,0,0
33,SRB,83,Marija Petrovic,0,0,5,0,0,0,0,0,0,0,0,0,0,0,0,0,0,2,0,3,3,0,0,101.0,0,LP,0,0
34,AUT,57,Josefine Hanfland,0,0,7,2,0,0,0,0,0,0,0,0,0,0,0,1,0,5,0,0,1,0,1,139.0,0,LP,0,0
35,TUR,22,Emine Gökdemir,0,0,0,0,7,4,0,0,2,0,0,0,0,0,0,0,0,0,0,2,0,0,2,131.0,0,RW,0,0
36,CZE,20,Veronika Andrýsková,0,0,0,1,0,0,0,0,0,0,0,0,1,3,0,4,0,0,0,1,0,0,0,29.0,0,LB,0,0
37,GER,77,Viola Leuchter,0,0,0,0,0,0,2,2,0,0,0,0,8,7,0,1,0,0,0,1,0,0,6,60.0,0,RB,0,0
38,SWE,2,Clara Lerby,10,2,0,0,7,1,0,0,2,2,0,0,0,0,0,1,0,1,0,0,0,0,0,181.0,0,LW,0,0
39,HUN,4,Petra Füzi-Tóvizi,0,0,6,5,0,0,0,0,0,1,0,1,0,0,0,2,0,4,0,3,1,0,5,312.0,0,LP,0,0
41,POR,99,Maria Unjanque,0,0,0,3,0,0,1,0,0,0,0,0,2,6,0,0,0,1,0,1,1,0,3,51.0,0,LB,0,0
42,SVK,74,Erika Rajnohová,0,0,2,0,0,0,4,2,0,0,0,0,0,4,0,1,0,3,0,0,0,0,6,113.0,0,CB,0,0
43,ESP,58,María Prieto O'Mullony,0,0,0,0,1,0,1,0,0,0,0,0,0,3,0,0,0,1,0,0,0,0,0,3.0,0,RB,0,0
44,AUT,11,Fabienne Tomasini,0,0,1,0,4,3,0,0,0,0,0,0,0,0,0,1,0,0,0,1,0,0,0,85.0,0,RW,0,0
45,CZE,34,Julie Franková,0,0,1,0,0,0,1,0,1,0,0,0,0,0,0,2,0,1,0,0,4,0,0,102.0,0,CB,0,0
46,POR,23,Patrícia Rodrigues,8,3,1,2,0,0,0,1,0,0,0,0,0,0,0,1,0,0,0,0,0,0,2,63.0,0,RW,0,0
47,NOR,7,Stine Ruscetta Skogrand,7,3,4,4,0,1,8,0,1,0,1,1,2,1,0,0,0,30,0,6,2,0,9,384.0,0,RB,1,0
48,SUI,20,Alessia Riner,0,0,3,0,9,6,0,0,2,0,0,0,0,1,0,1,0,0,0,1,0,0,4,260.0,0,LW,0,0
49,AUT,5,Sonja Frey,0,0,4,4,0,0,0,0,0,0,0,0,1,3,0,0,0,8,0,2,0,0,3,63.0,0,CB,0,0
50,POR,8,Constança Sequeira,0,0,4,2,0,0,0,1,0,0,0,0,1,2,0,1,0,3,0,0,0,0,4,74.0,0,CB,0,0
51,MKD,14,Ivana Djatevska,0,0,9,3,0,0,0,0,0,0,0,0,0,0,0,1,0,2,0,1,0,0,5,132.0,0,LP,0,0
52,GER,93,Julia Behnke,0,0,10,4,0,0,0,0,4,0,1,1,0,0,0,4,0,5,0,2,1,0,4,249.0,0,LP,0,0
53,MNE,90,Milena Raicevic,2,2,0,0,0,0,1,0,0,0,0,0,1,0,0,0,0,2,0,0,0,0,1,21.0,0,CB,0,0
56,SRB,22,Jovana Jovovic,3,1,1,0,0,0,8,4,0,0,0,0,1,5,0,2,0,7,0,1,1,0,9,159.0,0,LB,0,0
58,CZE,38,Anna Frankova,0,0,0,1,2,1,1,0,1,1,0,0,0,0,0,0,0,1,0,0,0,0,1,83.0,0,RW,0,0
59,DEN,4,Helene Kindberg Hansen,0,0,1,1,0,0,6,0,0,0,0,0,0,0,0,0,0,11,0,0,0,0,3,73.0,0,RB,0,0
61,POR,27,Beatriz Fabiana Sousa,0,0,1,0,1,0,5,0,0,0,0,1,0,10,0,1,0,4,0,0,0,0,7,115.0,0,RB,0,0
62,ESP,68,Lyndie Tchaptchet Defo,0,0,0,0,0,0,0,0,0,0,0,0,0,0,0,2,0,4,0,0,2,0,2,122.0,0,LP,0,0
63,UKR,17,Andriyana Naumenko,0,0,1,1,0,0,0,0,0,0,0,0,0,0,0,2,0,2,0,0,1,0,2,80.0,0,LP,0,0
64,UKR,24,Sofiia Bezrukova,0,0,0,0,0,0,1,0,0,0,0,0,1,4,0,0,0,0,0,1,1,0,3,38.0,0,CB,0,0
65,FAR,13,Brynja Høj,0,0,0,0,0,0,0,0,0,0,0,0,0,0,1,0,0,1,0,0,0,0,0,50.0,0,LP,0,0
66,HUN,44,Gréta Kácsor,0,0,1,0,0,0,0,0,0,0,0,0,0,2,0,0,0,1,0,0,0,0,0,15.0,0,LB,0,0
67,CRO,35,Josipa Mamic,0,1,0,0,3,6,0,0,0,0,0,0,0,0,0,1,0,0,0,0,0,0,1,42.0,0,RW,0,0
68,FRA,5,Clarisse Mairot,0,0,0,1,0,0,1,1,0,0,0,0,2,1,0,0,0,1,0,1,0,0,7,49.0,0,LB,0,0
70,CRO,43,Klara Birtic,0,0,2,0,0,0,2,0,0,0,0,0,6,3,0,2,0,2,0,0,0,0,2,88.0,0,RB,0,0
71,SUI,4,Laurentia Wolff,1,1,1,1,0,0,0,1,0,0,0,0,1,0,0,0,0,4,0,0,0,0,2,36.0,0,CB,0,0
72,DEN,5,Sarah Iversen,0,0,11,5,0,0,0,0,1,0,0,0,0,0,0,2,0,0,0,0,0,0,4,134.0,0,LP,0,0
73,SWE,6,Carin Strömberg,0,0,1,0,0,0,0,0,0,0,0,0,3,1,0,0,0,10,0,0,0,0,7,35.0,0,CB,0,0
74,POR,16,Jessica Ferreira,0,0,0,0,0,0,0,0,0,0,0,0,0,0,0,0,0,0,0,0,0,0,1,80.0,0,GK,0,0
75,POL,34,Marlena Urbanska,0,0,5,1,0,0,0,0,0,0,0,0,0,0,2,3,0,0,0,1,5,0,5,194.0,0,LP,0,0
76,GER,9,Lisa Antl,0,0,15,5,0,0,0,0,2,0,1,2,0,0,0,0,0,1,0,0,0,0,4,119.0,0,LP,0,0
77,AUT,44,Nora Leitner,0,0,0,0,0,0,0,0,0,0,0,0,0,0,0,0,0,0,0,0,0,0,0,9.0,0,LP,0,0
78,CZE,79,Sabrina Novotná,0,0,0,0,0,0,0,0,0,0,1,1,0,0,0,0,0,2,0,0,0,0,2,144.0,0,GK,0,0
79,MKD,31,Andrea Sedloska,0,0,0,1,0,0,0,0,0,0,0,0,0,2,0,1,0,2,0,0,0,0,5,38.0,0,LB,0,0
80,NED,29,Sarah Dekker,0,0,1,0,6,4,0,0,7,1,0,0,0,0,0,0,0,0,0,5,0,0,3,175.0,0,RW,0,0
81,SUI,1,Lea Schüpbach,0,0,0,0,0,0,0,0,0,0,0,0,0,0,0,0,0,3,0,0,0,0,3,305.0,0,GK,0,0
82,CRO,12,Ivana Kapitanovic,0,0,0,0,0,0,0,0,0,0,0,0,0,0,0,0,0,0,0,0,0,0,0,19.0,0,GK,0,0
83,SWE,55,Clara Petersson Bergsten,0,0,1,0,4,3,0,0,4,0,0,0,0,0,0,0,0,1,0,1,0,0,1,102.0,0,RW,0,0
84,POR,22,Nádia Rodrigues,0,0,1,0,0,0,0,0,0,0,0,0,0,0,0,1,0,2,0,0,0,0,0,82.0,0,LP,0,0
85,HUN,59,Csenge Kuczora,2,3,9,5,0,0,7,4,0,0,2,3,15,19,0,3,0,19,0,4,0,0,14,303.0,0,LB,1,0
86,POR,7,Bebiana Catarina Rodrigues Sabino,0,0,3,0,0,0,0,0,0,0,0,0,0,0,0,3,0,1,0,0,0,0,3,102.0,0,LP,0,0
87,POL,26,Paulina Wdowiak,0,0,0,0,0,0,0,0,0,0,0,0,0,0,0,0,0,2,0,0,0,0,0,52.0,0,GK,0,0
88,GER,30,Jenny Behrend,0,0,1,0,12,5,0,0,3,3,0,0,0,0,0,2,0,1,0,1,0,0,3,313.0,0,RW,0,0
89,NED,19,Merel Freriks,0,0,20,9,0,0,0,0,3,1,1,2,0,0,0,4,0,5,0,2,4,0,4,243.0,0,LP,0,0
90,FAR,6,Marita Mortensen,0,0,0,0,0,0,0,0,0,0,0,0,0,1,0,0,0,0,0,0,0,0,0,2.0,0,LB,0,0
91,UKR,19,Tamara Smbatian,6,0,3,0,0,0,2,1,0,0,0,0,7,5,0,4,0,9,0,1,0,0,12,103.0,0,CB,0,0
92,NOR,33,Thale Rushfeldt Deila,0,0,4,0,0,0,23,5,0,2,0,0,6,11,0,4,0,22,0,9,0,0,16,302.0,0,LB,1,0
94,SUI,17,Charlotte Kähr,0,0,0,1,0,0,1,1,0,0,0,0,1,3,0,1,0,4,0,0,0,0,3,42.0,0,LB,0,0
95,NED,20,Inger Smits,0,0,1,3,0,0,5,1,1,0,0,0,2,8,0,0,0,6,0,3,0,0,6,122.0,0,CB,0,0
96,DEN,11,Line Haugsted,0,0,0,1,0,0,1,1,2,0,0,0,1,5,0,3,0,4,0,4,3,0,2,199.0,0,RB,0,0
97,SWE,35,Sofia Hvenfelt,0,0,0,0,0,0,0,0,0,0,0,0,0,0,0,0,0,0,0,0,1,0,0,19.0,0,LP,0,0
98,NED,10,Isa Ternede,0,0,1,0,0,0,4,1,0,0,1,1,0,1,0,0,0,7,0,1,0,0,6,36.0,0,LB,0,0
99,DEN,8,Anne Mette Hansen,10,5,7,7,0,0,12,1,0,0,1,1,10,9,0,2,0,29,0,2,0,0,14,339.0,0,LB,0,0
100,POL,27,Magdalena Drazyk,3,2,0,6,0,0,4,0,0,0,0,0,0,3,0,1,0,6,0,0,0,0,6,69.0,0,CB,0,0
101,UKR,14,Olha Makarenko,0,0,1,0,2,5,0,0,1,0,0,0,0,0,0,0,0,0,0,2,0,0,0,153.0,0,LW,0,0
102,CRO,40,Tena Petika,0,0,0,1,0,0,0,0,0,0,0,0,1,3,0,0,0,0,0,0,1,0,1,15.0,0,LB,0,0
103,MNE,43,Marta Batinovic,0,0,0,0,0,0,0,0,0,0,0,1,0,0,0,0,0,0,0,0,0,0,1,57.0,0,GK,0,0
104,ESP,33,Kaba Gassama Cissokho,0,0,1,0,0,0,0,0,0,0,0,0,0,0,0,0,0,1,0,0,1,0,2,45.0,0,LP,0,0
105,NOR,20,Marit Røsberg Jacobsen,0,0,4,1,6,2,0,0,0,0,0,0,0,0,0,1,0,0,0,2,0,0,3,184.0,0,RW,0,0
106,SRB,36,Jovana Ristic,0,0,0,0,0,0,0,0,0,0,0,0,0,0,0,0,0,0,0,0,0,0,0,5.0,0,CB,0,0
107,ESP,41,Nicole Wiggins,0,0,0,0,0,0,0,0,0,0,1,1,0,0,0,0,0,0,0,0,0,0,0,133.0,0,GK,0,0
108,POR,25,Luciana Resende Rebelo,0,0,0,1,0,0,0,0,0,0,0,0,2,3,0,0,0,1,0,0,0,0,4,24.0,0,RB,0,0
110,SVK,18,Lenka Ratvajská,0,0,0,1,3,5,0,0,0,0,0,0,0,0,0,1,0,2,0,0,0,0,1,128.0,0,RW,0,0
112,POL,13,Sylwia Matuszczyk,0,0,7,2,0,0,0,0,0,0,0,0,0,0,0,0,0,3,0,0,1,0,0,101.0,0,LP,0,0
113,AUT,14,Klara Schlegel,0,0,3,0,0,0,0,0,0,0,0,0,1,5,0,1,0,1,0,0,0,0,4,35.0,0,RB,0,0
114,MKD,71,Jovana Sazdovska,0,0,1,2,1,4,0,0,0,0,0,0,0,0,0,2,0,1,0,4,0,0,3,145.0,0,LW,0,0
115,ISL,3,Andrea Jacobsen,0,0,0,2,0,0,3,1,1,0,0,0,3,9,0,1,0,1,0,2,0,0,5,94.0,0,LB,0,0
116,FAR,11,Lukka Arge,2,2,0,0,0,0,0,0,0,0,0,0,0,0,0,0,0,0,0,0,0,0,0,17.0,0,CB,0,0
117,CRO,6,Sara Šenvald,0,0,0,1,0,0,0,0,0,0,0,0,0,0,0,1,0,0,0,0,3,0,1,54.0,0,LP,0,0
118,MKD,26,Jovana Micevska,0,0,0,0,0,0,0,0,0,0,0,0,0,0,0,0,0,3,0,0,0,0,1,103.0,0,GK,0,0
119,ISL,25,Thea Imani Sturludottir,0,0,1,0,0,0,3,0,0,0,0,0,1,9,0,0,0,2,0,1,0,0,5,102.0,0,RB,0,0
120,HUN,71,Mirtill Petrus,0,0,0,0,0,1,0,0,0,0,0,0,0,0,0,0,0,1,0,1,0,0,1,28.0,0,LW,0,0
121,SLO,88,Ema Abina,0,0,0,0,5,4,0,0,1,0,0,0,0,0,0,3,0,0,0,2,0,0,1,267.0,0,LW,0,0
122,ISL,26,Sunna Jónsdóttir,0,0,0,0,0,0,0,0,0,0,0,0,0,0,0,0,0,0,0,0,0,0,0,12.0,0,CB,0,0
123,HUN,31,Zsófi Szemerey,0,0,0,0,0,0,0,0,0,0,1,1,0,0,0,0,0,1,0,0,0,0,2,304.0,0,GK,1,0
124,UKR,69,Mariia Poliak,0,0,0,0,0,0,0,0,0,0,0,0,0,0,0,0,0,0,0,0,0,0,1,0.0,0,GK,0,0
125,CRO,2,Nikolina Zadravec,0,0,0,0,1,1,0,0,0,0,0,1,0,0,0,0,0,2,0,1,0,0,1,132.0,0,RW,0,0
126,SRB,2,Sanja Radosavljevic,0,0,0,1,5,5,0,0,2,0,0,0,0,0,0,1,0,2,0,3,0,0,2,158.0,0,LW,0,0
127,NED,6,Laura Van der Heijden,0,0,4,3,0,0,3,0,1,1,0,0,4,2,0,2,0,5,0,1,1,0,2,126.0,0,RB,0,0
128,MKD,58,Simona Madjovska,0,0,0,1,0,0,3,1,0,0,0,0,2,0,0,1,0,2,0,0,3,0,12,78.0,0,LB,0,0
129,ROU,17,Ioana Rebeca Necula,0,0,2,3,0,0,0,1,1,0,0,0,4,6,0,0,0,2,0,0,0,0,8,98.0,0,CB,0,0
130,HUN,61,Kinga Janurik,0,0,0,0,0,0,0,0,0,0,0,0,0,0,0,0,0,1,0,0,0,0,0,57.0,0,GK,0,0
131,DEN,34,Rikke Iversen,0,0,13,3,0,0,0,0,1,1,1,1,0,0,1,7,0,5,0,4,2,0,4,276.0,0,LP,0,0
132,DEN,1,Sandra Toft,0,0,0,0,0,0,0,0,0,0,0,0,0,0,0,0,0,0,0,0,0,0,0,34.0,0,GK,0,0
133,POL,40,Daria Michalak,0,0,0,0,12,5,2,0,2,0,0,0,0,1,0,6,0,2,0,2,0,0,8,295.0,0,LW,0,0
134,CZE,67,Veronika Mala,0,0,1,0,3,4,0,0,4,0,1,2,0,0,0,1,0,1,0,1,0,0,0,163.0,0,LW,0,0
135,SLO,28,Maja Svetik,0,0,1,0,5,4,0,0,0,2,0,0,0,0,0,1,0,0,0,4,0,0,1,140.0,0,LW,0,0
136,NED,12,Bo van Wetering,0,0,5,1,7,3,2,1,3,2,1,2,0,0,0,1,0,1,0,2,0,0,4,235.0,0,LW,0,0
137,SUI,12,Manuela Brütsch,0,0,0,0,0,0,0,0,0,0,0,0,0,0,0,0,0,0,0,0,0,0,0,54.0,0,GK,0,0
138,MNE,55,Andrijana Tatar,0,0,2,0,0,0,0,0,0,0,0,0,0,0,0,4,0,0,0,0,0,0,1,49.0,0,LP,0,0
139,FRA,86,Marine Dupuis,0,0,0,0,1,0,0,0,1,0,0,0,0,0,0,0,0,0,0,0,0,0,1,22.0,0,LW,0,0
140,DEN,25,Trine Jensen Østergaard,0,0,2,0,13,6,0,0,2,1,0,0,0,0,0,2,0,1,0,1,0,0,3,294.0,0,RW,1,0
141,POL,4,Aleksandra Olek,0,0,2,0,0,0,0,0,0,0,0,0,0,0,0,3,0,2,0,1,2,0,2,185.0,0,LP,0,0
142,SRB,44,Milica Ignjatovic,0,0,0,1,0,0,0,0,0,0,0,0,0,0,0,0,0,0,0,0,0,0,0,2.0,0,RB,0,0
143,POL,96,Dagmara Nocun,0,0,2,0,8,2,0,0,3,1,0,0,0,0,0,1,0,0,0,0,0,0,1,112.0,0,LW,0,0
144,CRO,26,Mia Brkic,0,0,0,0,0,0,0,0,0,0,0,0,0,0,0,1,0,1,0,0,0,0,1,51.0,0,LP,0,0
145,ISL,1,Elin Jona Thorsteinsdottir,0,0,0,0,0,0,0,0,0,0,1,1,0,0,0,0,0,2,0,0,0,0,1,111.0,0,GK,0,0
146,ROU,99,Sorina Maria Grozav,1,1,2,4,0,0,1,2,0,0,2,4,8,10,0,0,0,3,0,0,0,0,9,121.0,0,LB,0,0
148,ROU,98,Daciana Hosu,0,0,0,0,0,0,0,0,0,0,0,0,0,0,0,0,0,0,0,0,0,0,0,55.0,0,GK,0,0
149,MNE,44,Katarina Dzaferovic,0,0,2,0,0,0,2,0,0,0,0,0,0,4,0,2,0,0,0,0,0,0,0,49.0,0,RB,0,0
150,NOR,8,Live Rushfeldt Deila,0,0,1,1,0,0,3,3,2,0,0,0,1,4,0,1,0,7,0,0,1,0,2,109.0,0,LB,0,0
151,SRB,13,Tamara Kocic,1,1,0,0,0,1,0,0,0,0,0,0,0,0,0,0,0,0,0,0,0,0,0,18.0,0,LW,0,0
152,ISL,23,Dana Björg Guðmundsdóttir,0,0,0,0,1,2,0,0,0,0,0,0,0,0,0,0,0,0,0,0,0,0,0,34.0,0,LW,0,0
153,ESP,17,Jennifer Maria Gutiérrez Bermejo,0,0,0,0,0,3,0,0,0,1,0,0,0,1,0,1,0,0,0,0,0,0,1,93.0,0,LW,0,0
154,UKR,36,Vanessa Lakatosh,0,1,0,0,0,0,1,0,0,0,0,0,0,5,0,0,0,0,0,1,0,0,0,27.0,0,LB,0,0
155,SVK,28,Barbora Lancz,7,2,4,4,0,0,0,0,0,0,0,0,3,5,0,1,0,2,0,0,0,0,5,80.0,0,RB,0,0
156,UKR,30,Anastasiia Tkach,0,0,0,0,0,1,0,0,0,0,0,0,0,0,0,0,0,0,0,0,0,0,0,19.0,0,LW,0,0
157,MNE,9,Durdina Jaukovic,12,3,11,6,0,0,6,0,0,0,0,1,18,24,1,8,0,16,0,6,9,0,16,330.0,0,LB,1,0
158,TUR,57,Bilgenur Öztürk,0,0,1,0,1,1,0,0,0,0,0,0,0,0,0,0,0,1,0,0,0,0,0,48.0,0,RW,0,0
159,SVK,91,Réka Bízik,0,0,0,2,5,3,0,0,1,0,0,0,0,0,0,1,0,1,0,1,0,0,1,93.0,0,LW,0,0
160,UKR,33,Iryna Kompaniiets,0,0,1,0,0,0,0,1,0,0,0,0,5,5,0,3,0,2,0,1,0,0,4,94.0,0,LB,0,0
161,NOR,13,Kari Brattset Dale,0,0,19,9,0,0,0,0,6,0,0,0,1,0,0,3,0,6,0,5,4,0,1,289.0,0,LP,1,0
162,POL,88,Aleksandra Zych,0,0,2,1,0,0,0,0,0,0,0,0,0,0,0,0,0,1,0,0,0,0,1,19.0,0,RB,0,0
163,TUR,5,Beyzanur Türkyilmaz,0,0,0,0,2,1,0,0,0,0,0,0,0,0,0,0,0,0,0,0,0,0,1,30.0,0,LW,0,0
164,MKD,41,Sara Stefanoska,0,0,0,0,0,0,0,0,0,0,0,0,0,0,0,0,0,1,0,0,0,0,5,21.0,0,LB,0,0
166,MKD,15,Marija Jankulovska,1,1,1,2,0,0,1,1,0,0,0,0,6,5,0,2,0,9,0,1,0,0,3,123.0,0,LB,0,0
167,CRO,88,Kristina Prkacin,0,0,0,0,0,0,0,1,0,0,0,0,6,11,0,0,0,2,0,0,0,0,4,61.0,0,LB,0,0
168,ISL,14,Elísa Elíasdóttir,0,0,3,0,0,0,0,0,0,0,0,0,0,0,0,0,0,2,0,0,0,0,3,20.0,0,LP,0,0
169,SWE,8,Jamina Roberts,0,0,4,6,0,0,12,4,5,0,7,8,6,9,0,3,0,37,0,7,0,0,23,348.0,0,LB,0,0
170,TUR,18,Yagmur Bembeyaz,0,0,0,0,0,0,0,0,0,0,0,0,0,0,1,0,0,0,0,0,0,0,0,37.0,0,GK,0,0
171,ESP,67,Elba Álvarez Torrado,0,0,0,1,0,0,0,0,0,0,0,0,0,0,0,0,0,0,0,0,0,0,1,0.0,0,CB,0,0
172,FAR,10,Súna Krossteig Hansen,0,0,0,2,0,0,3,1,0,0,0,0,1,2,0,0,0,8,0,0,1,0,8,132.0,0,CB,0,0
173,ROU,11,Mirabela-Gabriela Cotet,0,0,2,1,0,0,0,0,0,0,0,0,0,0,0,0,0,0,0,0,0,0,1,56.0,0,LP,0,0
174,FAR,8,Rannvá Olsen,0,0,0,0,0,1,0,0,0,0,0,0,0,0,0,0,0,0,0,0,0,0,0,24.0,0,CB,0,0
176,SLO,3,Manca Juric,0,0,6,2,0,0,0,0,3,1,2,2,0,0,0,3,0,0,0,0,0,0,2,167.0,0,LP,0,0
177,NED,9,Larissa Nüsser,0,0,7,6,0,0,14,0,1,1,0,0,2,3,0,0,0,20,0,3,1,0,18,199.0,0,CB,0,0
178,SLO,31,Lana Puncer,0,0,1,0,0,0,0,0,0,0,0,0,0,0,0,0,0,2,0,0,0,0,1,30.0,0,LP,0,0
179,ROU,15,Stefania Oana Jipa,0,0,0,0,0,0,0,0,0,0,0,0,0,0,0,0,0,0,0,0,0,0,0,9.0,0,LP,0,0
180,DEN,23,Kristina Jörgensen,3,2,3,4,0,0,2,1,0,1,1,2,5,6,0,0,0,17,0,0,1,0,4,119.0,0,LB,0,0
181,NED,30,Rinka Duijndam,0,0,0,0,0,0,0,0,0,0,1,1,0,0,0,0,0,4,0,0,0,0,1,171.0,0,GK,0,0
182,NOR,46,Ane Cecilie Høgseth,0,0,4,2,0,0,0,0,0,0,0,0,1,0,0,1,0,0,0,0,0,0,0,63.0,0,LP,0,0
184,ISL,12,Hafdís Renötudóttir,0,0,0,0,0,0,0,0,0,0,0,0,0,0,0,0,0,1,0,0,0,0,0,54.0,0,GK,0,0
186,GER,66,Dana Bleckmann,0,0,0,1,0,0,0,0,0,0,0,0,0,0,0,0,0,0,0,0,0,0,2,15.0,0,LB,0,0
187,HUN,28,Nikoletta Papp,0,0,0,0,0,0,0,0,0,0,0,0,0,0,0,3,0,0,0,5,2,0,0,252.0,0,RB,0,0
188,MNE,24,Tanja Ivanovic,0,0,7,4,0,1,2,1,0,0,0,0,0,4,1,1,0,4,0,7,1,0,9,265.0,0,RB,0,0
189,DEN,16,Althea Rebecca Reinhardt,0,0,0,0,0,0,0,0,0,0,0,0,0,0,0,0,0,1,0,0,0,0,1,101.0,0,GK,0,0
190,SWE,29,Kristin Thorleifsdottir,0,0,1,0,0,0,0,0,2,0,3,4,0,4,0,3,0,11,0,3,5,0,8,211.0,0,LB,0,0
191,SWE,38,Elin Hansson,0,0,2,1,8,5,0,0,3,1,1,1,0,0,0,2,0,2,0,3,0,0,1,291.0,0,LW,0,0
192,SWE,49,Olivia Linnèa Josephine Löfqvist,0,0,9,3,0,0,0,0,1,0,1,2,0,0,0,2,0,3,0,5,2,0,3,234.0,0,LP,0,0
194,ROU,79,Corina Elena Romina Lupei,0,0,1,0,4,2,0,0,1,1,0,1,0,0,1,7,0,0,0,1,1,0,0,184.0,0,LB,0,0
195,ISL,8,Perla Albertsdóttir,12,1,2,1,3,3,0,0,3,0,1,1,0,0,0,1,0,0,0,0,0,0,0,131.0,0,LW,0,0
196,FRA,31,Lucie Granier,0,0,2,1,10,12,0,0,10,0,0,1,0,0,0,1,0,3,0,4,0,0,3,346.0,0,RW,1,0
197,MKD,22,Bojana Dinevska,1,0,0,1,0,1,0,0,1,0,0,0,0,0,0,0,0,0,0,0,0,0,0,25.0,0,LW,0,0
200,CZE,22,Markéta Šustácková,0,0,1,0,0,0,0,1,0,1,0,0,10,7,0,1,0,5,0,0,2,0,11,136.0,0,RB,0,0
201,SWE,1,Johanna Bundsen,0,0,0,0,0,0,0,0,0,0,10,12,0,0,0,0,0,6,0,0,0,0,8,339.0,0,GK,1,0
202,ROU,55,Oana Doina Bors,0,0,1,1,10,14,0,0,1,0,0,1,0,0,0,0,0,4,0,4,0,0,2,177.0,0,RB,0,0
203,HUN,6,Nadine Szollosi-Schatzl,0,0,0,1,13,7,0,1,4,3,1,1,0,0,0,0,0,1,0,4,0,0,2,271.0,0,LW,1,0
204,CZE,31,Alena Stellnerova,0,0,2,3,0,0,0,0,0,0,0,0,0,0,0,0,0,1,0,0,0,0,4,56.0,0,LP,0,0
205,ROU,70,Andreea - Cristina Popa,0,0,3,4,0,0,5,3,1,1,0,1,1,0,0,2,0,25,0,4,0,0,19,281.0,0,CB,0,0
206,TUR,21,Betül Yilmaz,0,0,1,0,0,2,1,1,0,0,0,0,1,1,0,1,0,1,0,0,0,0,2,45.0,0,LB,0,0
207,TUR,10,Gülcan Tügel,0,0,0,0,0,0,1,0,0,0,0,0,0,0,0,0,0,0,0,0,0,0,3,17.0,0,CB,0,0
209,AUT,1,Lena Ivancok,0,0,0,0,0,0,0,0,0,0,0,0,0,0,0,0,0,1,0,0,0,0,1,81.0,0,GK,0,0
210,FRA,10,Grace Zaadi Deuna,10,2,7,2,0,0,5,2,0,0,2,2,4,6,0,1,0,37,0,1,3,0,17,279.0,0,CB,1,0
211,SRB,34,Dunja Radevic,0,0,0,0,2,1,0,0,1,2,0,0,0,0,0,0,0,0,0,2,0,0,3,82.0,0,RW,0,0
212,TUR,16,Bugu Sönmez,0,0,2,1,0,0,1,1,0,0,0,0,6,6,0,0,0,2,0,0,0,0,5,26.0,0,LB,0,0
213,FRA,34,Léna Grandveau,0,0,6,3,0,1,3,2,1,0,2,2,1,4,0,3,0,10,0,2,0,0,12,136.0,0,CB,0,0
214,HUN,33,Nikolett Tóth,0,0,2,3,0,0,3,2,2,2,0,0,1,1,0,0,0,4,0,1,0,0,3,67.0,0,CB,0,0
215,CZE,96,Charlotte Cholevová,4,1,9,6,0,0,4,1,1,0,1,2,1,7,0,0,0,5,0,1,0,0,5,152.0,0,RB,0,0
216,UKR,81,Nhetely Erminia Minissale,0,0,0,0,0,1,0,0,0,0,0,0,0,0,0,0,0,0,0,0,0,0,0,9.0,0,RB,0,0
217,SVK,2,Monika Pénzes,0,0,0,0,1,2,0,0,0,0,0,0,0,0,0,1,0,1,0,0,0,0,1,81.0,0,LW,0,0
218,NED,48,Dione Housheer,6,1,7,3,0,0,14,5,2,0,1,2,10,17,0,3,0,35,0,8,0,0,18,329.0,0,RB,1,0
219,TUR,58,Merve Erbektas,0,0,0,0,0,0,0,0,0,0,0,0,0,0,0,0,0,1,0,0,0,0,2,130.0,0,GK,0,0
220,NED,38,Yara Ten Holte,0,0,0,0,0,0,0,0,0,0,0,1,0,0,0,0,0,1,0,0,0,0,0,279.0,0,GK,1,0
221,MNE,34,Tatjana Brnovic,0,0,20,4,0,0,0,0,1,3,2,3,0,0,0,3,0,19,0,2,9,0,9,369.0,0,LP,1,1
222,ESP,52,Paulina Pérez Buforn,2,0,0,4,0,0,0,0,0,0,0,0,1,2,0,0,0,4,0,0,0,0,3,50.0,0,RW,0,0
223,SRB,10,Nikolina Vidic,0,0,0,0,1,1,0,0,0,0,0,0,0,0,0,0,0,0,0,0,0,0,2,25.0,0,RW,0,0
224,CZE,4,Kristýna Königová,0,0,0,0,0,0,0,0,0,0,0,0,0,0,0,0,0,0,0,0,0,0,0,14.0,0,LW,0,0
225,ISL,27,Diana Dögg Magnusdottir,0,0,1,2,0,0,2,1,0,0,0,0,0,3,0,0,0,3,0,0,0,0,2,72.0,0,RW,0,0
226,AUT,6,Mirela Dedic,0,0,0,0,2,1,0,0,1,0,0,0,0,0,0,1,0,0,0,2,0,0,0,86.0,0,LW,0,0
227,ESP,6,Carmen Campos Costa,2,2,4,1,0,0,6,1,0,0,1,1,0,1,0,0,0,3,0,1,0,0,7,101.0,0,LB,0,0
228,HUN,66,Viktória Gyori-Lukács,0,0,2,0,35,16,0,0,3,2,2,2,0,0,0,1,0,4,0,1,0,0,6,391.0,0,RW,1,1
230,SLO,22,Tinkara Kogovšek,1,0,0,0,0,2,0,0,0,0,0,0,0,0,0,0,0,0,0,0,0,0,0,34.0,0,LW,0,0
231,FRA,29,Onacia Ondono,0,0,9,1,0,0,0,0,2,1,0,1,0,0,0,2,0,3,0,1,0,0,2,124.0,0,LP,0,0
232,AUT,16,Petra Blazek,0,0,0,0,0,0,0,0,0,0,0,0,0,0,0,0,0,0,0,0,0,0,0,9.0,0,GK,0,0
233,UKR,1,Judit Balogh,0,0,0,0,0,0,0,0,0,0,0,0,0,0,0,0,0,0,0,0,0,0,0,58.0,0,GK,0,0
234,TUR,23,Yasemin Sahin,2,1,0,6,0,0,3,0,0,0,0,0,0,1,0,1,0,4,0,1,0,0,15,61.0,0,LW,0,0
235,NED,8,Lois Abbingh,3,0,2,6,0,0,1,2,3,2,0,1,7,11,0,1,0,15,0,3,0,0,16,274.0,0,LB,0,0
236,AUT,54,Santina Sabatnig,0,0,0,1,2,1,0,0,2,1,0,0,0,0,0,0,0,0,0,1,0,0,1,91.0,0,LB,0,0
237,SVK,32,Bella Olláhová,0,0,0,0,0,0,0,0,0,0,0,0,0,0,1,0,0,0,0,0,0,0,1,75.0,0,GK,0,0
238,AUT,15,Claudia Wess,0,0,0,0,1,2,0,0,0,0,0,0,0,0,0,0,0,0,0,0,0,0,1,63.0,0,RW,0,0
239,UKR,8,Karina Soskyda,0,0,0,2,0,0,1,1,0,0,0,0,0,3,0,1,0,3,0,0,1,0,5,67.0,0,LB,0,0
240,AUT,64,Ana Pandža,0,0,1,2,0,0,2,1,1,0,0,0,0,0,0,0,0,8,0,1,1,0,5,102.0,0,CB,0,0
241,MNE,15,Jelena Vukcevic,3,1,1,1,0,0,0,2,0,0,0,0,0,0,0,0,0,4,0,0,0,0,4,36.0,0,RB,0,0
242,SLO,16,Maja Vojnovic,0,0,0,0,0,0,0,0,0,0,0,0,0,0,0,0,0,1,0,1,0,0,0,321.0,0,GK,1,0
243,CRO,3,Paula Posavec,0,0,0,1,4,4,0,0,0,0,0,0,0,0,0,0,0,0,0,0,0,0,0,123.0,0,LW,0,0
244,SRB,72,Jelena Agbaba,0,0,0,0,0,0,0,0,0,0,0,0,0,0,0,0,0,1,0,0,0,0,0,6.0,0,LP,0,0
245,GER,42,Katharina Filter,0,0,0,0,0,0,0,0,0,0,0,0,0,0,0,0,0,4,0,0,0,0,1,251.0,0,GK,0,0
246,SVK,42,Karin Bujnohova,0,0,1,3,0,0,3,0,1,0,0,0,3,3,0,0,0,5,0,1,0,0,8,121.0,0,RB,0,0
247,HUN,5,Luca Csíkos,0,0,2,0,0,0,1,0,0,0,0,1,2,2,0,0,0,1,0,0,0,0,4,36.0,0,LB,0,0
248,POL,8,Monika Kobylinska,2,2,7,6,0,0,10,0,0,0,1,1,10,13,0,6,0,16,0,0,1,0,15,322.0,0,RB,1,0
249,POR,19,Patricia Andreia Da Silva Lima,0,0,3,0,0,0,1,0,0,0,0,0,1,2,0,0,0,1,0,1,0,0,10,69.0,0,CB,0,0
250,SUI,10,Daphné Gautschi,0,0,11,7,0,0,9,2,3,1,0,0,11,27,0,1,0,28,0,4,1,0,21,313.0,0,LB,0,0
251,SVK,14,Tatiana Šutranová,2,0,1,1,0,0,0,0,0,0,1,1,12,11,0,0,0,2,0,1,0,0,9,89.0,0,LB,0,0
253,NOR,16,Katrine Lunde,0,0,0,0,0,0,0,0,0,0,0,0,0,0,0,0,0,2,0,0,0,0,0,159.0,0,GK,0,0
254,FRA,27,Estelle Nze Minko,0,0,6,4,0,0,3,6,10,3,5,5,2,5,0,2,0,21,0,9,1,0,16,277.0,0,LB,1,0
255,UKR,22,Kateryna Kozak,0,0,1,0,1,2,0,0,0,0,0,0,0,0,0,0,0,0,0,0,0,0,4,85.0,0,RW,0,0
256,CRO,23,Katarina Pavlovic,5,1,1,1,0,0,1,2,0,0,0,0,2,6,0,1,0,3,0,0,0,0,3,56.0,0,RB,0,0
257,AUT,67,Johanna Reichert,3,0,7,1,0,0,4,0,0,0,0,0,6,4,0,1,0,4,0,1,0,0,4,61.0,0,LB,0,0
258,FAR,77,Jana Mittún,0,0,1,3,0,1,7,7,5,2,1,1,0,6,0,0,0,20,0,1,0,0,10,166.0,0,CB,0,0
259,CZE,33,Petra Kudlácková,0,0,0,0,0,0,0,0,0,0,0,0,0,0,0,0,0,0,0,0,0,0,0,20.0,0,GK,0,0
260,AUT,21,Antonija Mamic,0,0,0,0,0,0,0,0,0,0,1,1,0,0,0,0,0,0,0,0,0,0,0,78.0,0,GK,0,0
261,NED,24,Romee Maarschalkeweerd,0,0,6,4,0,0,0,0,1,2,0,0,0,0,0,6,0,2,0,1,7,0,6,169.0,0,LP,0,0
262,POL,17,Adrianna Górna,3,1,0,2,2,3,0,0,0,3,0,0,0,0,0,1,0,1,0,0,0,0,4,146.0,0,RW,0,0
263,SLO,10,Tjaša Stanko,8,7,9,4,0,0,18,4,2,1,5,6,6,10,0,4,0,41,0,4,0,0,26,360.0,0,LB,1,1
264,AUT,18,Kristina Dramac,0,0,0,0,2,3,0,0,0,1,0,0,1,1,0,0,0,1,0,1,0,0,3,31.0,0,RB,0,0
265,ROU,1,Bianca Tomina Curment,0,0,0,0,0,0,0,0,0,0,0,0,0,0,0,0,0,1,0,2,0,0,2,312.0,0,GK,0,0
266,ESP,65,Anne Erauskin Martínez,0,0,2,2,6,1,0,0,0,0,1,1,1,0,0,0,0,1,0,1,0,0,1,120.0,0,RW,0,0
267,SUI,5,Lisa Frey,0,0,2,1,0,0,1,0,0,0,0,0,2,1,1,0,0,3,0,0,0,0,4,98.0,0,LB,0,0
268,MKD,32,Ivana Arsenievska,0,0,1,1,0,0,0,0,0,0,0,0,0,2,0,0,0,2,0,0,0,0,7,73.0,0,CB,0,0
270,MKD,10,Ana Marija Kolarovska,0,0,2,0,0,0,0,1,0,0,0,0,0,1,0,0,0,0,0,0,0,0,3,19.0,0,LB,0,0
272,POL,16,Adriana Placzek,0,0,0,0,0,0,0,0,0,0,0,0,0,0,0,0,0,0,0,0,0,0,0,133.0,0,GK,0,0
273,POR,73,Joana Resende,1,1,1,2,0,0,1,0,0,0,0,0,11,10,0,0,0,2,0,1,0,0,5,83.0,0,LB,0,0
274,SUI,22,Nuria Bucher,0,1,0,0,0,1,2,0,1,0,0,0,0,1,0,1,0,3,0,0,1,0,5,65.0,0,CB,0,0
275,POR,1,Isabel Góis,0,0,0,0,0,0,0,0,0,0,0,0,0,0,0,0,0,1,0,0,0,0,1,85.0,0,GK,0,0
276,GER,11,Xenia Smits,0,0,0,0,0,0,10,1,1,0,2,3,2,4,0,3,0,18,0,4,11,0,17,263.0,0,LB,0,0
277,TUR,2,Beyza Karaçam,0,1,1,2,0,0,4,1,0,0,0,0,0,5,0,0,0,3,0,2,0,0,3,69.0,0,RB,0,0
278,SWE,21,Evelina Eriksson,0,0,0,0,0,0,0,0,0,0,0,0,0,0,0,0,0,0,0,0,0,0,0,48.0,0,GK,0,0
279,MNE,91,Ivona Pavicevic,0,0,0,0,9,7,0,0,2,0,0,0,0,0,0,2,0,2,0,0,0,0,3,203.0,0,LW,0,0
280,HUN,38,Petra Vamos,0,0,4,6,0,0,15,5,0,0,3,4,3,6,0,3,0,39,0,3,0,0,16,369.0,0,CB,1,0
281,NED,26,Antje Angela Malestein,4,2,3,3,12,12,0,0,3,0,1,1,0,0,0,1,0,3,0,2,0,0,6,303.0,0,RW,0,0
282,CZE,42,Katka Dresslerová,0,0,0,0,0,0,0,0,0,0,0,0,0,0,0,0,0,0,0,0,0,0,0,12.0,0,LP,0,0
283,SLO,13,Nusa Fegic,3,1,7,7,0,0,8,2,3,0,0,0,0,1,0,0,0,29,0,2,0,0,15,301.0,0,CB,0,0
284,ESP,14,Ona Vegue I Pena,6,2,0,0,4,2,0,0,2,1,0,0,0,0,0,0,0,0,0,1,0,0,2,80.0,0,LW,0,0
285,ROU,21,Alexandra Dindiligan,0,0,0,0,3,5,0,0,1,1,0,0,0,0,0,1,0,3,0,2,0,0,0,221.0,0,LW,0,0
286,GER,4,Alina Grijseels,14,4,5,3,0,0,5,3,0,1,0,0,3,5,0,0,0,14,0,1,0,0,5,159.0,0,CB,0,0
287,NOR,12,Silje Margaretha Solberg-Oesthassel,0,0,0,0,0,0,0,0,0,0,0,2,0,0,0,0,0,5,0,0,0,0,3,273.0,0,GK,0,0
288,NED,22,Zöe Sprengers,0,0,1,1,9,9,0,1,11,2,1,1,1,0,0,0,0,3,0,2,0,0,1,242.0,0,LW,1,0
289,ISL,2,Berglind Þorsteinsdóttir,0,0,0,0,0,0,0,0,0,0,0,0,0,0,0,4,0,0,0,1,0,0,0,56.0,0,LB,0,0
290,FAR,88,Rakul S. Wardum,0,0,0,0,0,0,0,0,0,0,0,0,0,0,0,0,0,0,0,0,0,0,1,61.0,0,GK,0,0
291,HUN,19,Gréta Márton,0,0,0,2,13,3,0,0,1,0,1,1,0,0,0,1,0,4,0,4,0,0,2,216.0,0,LW,0,0
292,POL,49,Karolina Kochaniak-Sala,1,1,3,3,1,0,10,4,0,0,0,0,3,4,0,4,0,10,0,1,2,0,25,241.0,0,CB,0,0
293,GER,24,Sarah Wachter,0,0,0,0,0,0,0,0,0,0,0,0,0,0,0,0,0,2,0,0,0,0,0,143.0,0,GK,0,0
294,NOR,23,Camilla Herrem,0,0,0,0,5,3,0,0,22,3,0,0,1,0,0,1,0,1,0,2,0,0,1,257.0,0,LW,1,0
295,POR,36,Mariana Ferraz Costa,0,0,0,1,1,0,0,0,0,0,0,0,0,0,0,0,0,1,0,0,0,0,1,58.0,0,LW,0,0
296,MKD,30,Jovana Kiprijanovska,4,1,1,1,0,0,2,1,0,0,0,0,2,8,0,4,0,6,0,0,1,0,6,102.0,0,RB,0,0
297,NED,16,Tamara Haggerty,0,0,2,1,0,0,0,0,2,0,0,0,0,1,0,2,0,2,0,1,1,0,1,89.0,0,LP,0,0
298,SLO,8,Ema Markovic,0,0,1,0,8,12,0,0,1,0,0,0,0,0,0,0,0,2,0,0,0,0,5,230.0,0,RW,0,0
299,MNE,25,Djurdjina Malovic,0,0,0,0,0,0,0,0,0,0,0,0,0,1,0,0,0,0,0,0,0,0,1,13.0,0,RB,0,0
300,SRB,16,Jovana Risovic,0,0,0,0,0,0,0,0,0,0,1,1,0,0,0,0,0,0,0,1,0,0,0,133.0,0,GK,0,0
301,SWE,42,Jenny Helen Carlson,0,0,7,4,0,0,5,1,1,1,0,1,6,22,0,1,0,18,0,2,0,0,14,150.0,0,CB,0,0
302,NOR,40,Eli Marie Raasok,0,0,0,0,0,0,0,0,0,0,0,0,0,0,0,0,0,1,0,0,0,0,0,81.0,0,GK,0,0
303,ROU,14,Bianca Maria Bazaliu,15,3,1,1,0,0,0,0,0,0,1,2,18,18,0,2,0,10,0,1,3,0,5,216.0,0,LB,1,0
304,CRO,8,Stela Posavec,0,0,1,1,0,0,0,2,0,0,0,0,1,0,0,0,0,4,0,0,0,0,1,55.0,0,CB,0,0
305,ROU,10,Angela Stefania Stoica,0,1,4,1,0,0,4,1,0,0,1,1,8,14,0,0,0,11,0,0,1,0,12,117.0,0,LB,0,0
306,FRA,23,Déborah Lassource,0,0,0,1,0,0,2,3,0,0,0,0,2,1,0,2,0,3,0,2,2,0,3,89.0,0,RB,0,0
307,TUR,11,Döne Gül Bozdogan,0,0,1,1,0,0,1,1,0,0,0,0,1,1,0,0,0,6,0,2,0,0,8,90.0,0,CB,0,0
308,MKD,18,Elena Gjorgjijevska,0,0,1,1,0,0,0,2,0,0,0,0,0,2,0,0,0,4,0,0,0,0,2,25.0,0,LB,0,0
309,CZE,8,Simona Schreibmeierová,0,0,0,0,0,0,0,0,0,0,0,0,0,0,0,0,0,0,0,0,0,0,0,0.0,0,LB,0,0
310,POR,9,Ana Carolina Silva,0,0,1,0,0,0,0,0,0,0,1,1,0,0,0,1,0,0,0,2,0,0,0,60.0,0,LB,0,0
311,SUI,3,Kerstin Kündig,0,0,2,2,0,0,2,1,0,0,0,0,11,11,0,0,0,22,0,1,0,0,15,145.0,0,CB,0,0
312,ROU,30,Sonia Mariana Seraficeanu,1,0,0,0,15,8,0,0,3,3,0,0,0,0,0,1,0,1,0,1,0,0,3,237.0,0,RW,0,0
313,GER,10,Mareike Thomaier,0,0,0,1,0,0,2,1,0,0,1,1,0,0,0,1,0,5,0,2,0,0,4,71.0,0,CB,0,0
314,MKD,1,Matea Churlinovska,0,0,0,0,0,0,0,0,0,0,0,0,0,0,0,0,0,0,0,0,0,0,0,12.0,0,GK,0,0
315,FRA,20,Laura Flippes,0,0,4,4,0,0,8,4,1,0,0,0,3,4,0,5,0,26,0,1,0,0,23,310.0,0,RB,1,0
316,TUR,10,Elif Sila Aydin,0,0,2,1,5,1,0,0,2,0,0,0,0,0,0,0,0,2,0,1,0,0,2,144.0,0,LW,0,0
317,ROU,24,Alisia Lorena Boiciuc,4,2,4,0,0,0,3,1,1,0,0,1,6,8,1,2,0,19,0,3,4,0,17,279.0,0,CB,1,0
318,SRB,36,Emilija Lazic,0,0,3,3,0,0,2,2,0,1,0,0,4,7,0,0,0,5,0,0,2,0,8,165.0,0,LP,0,0
319,GER,31,Alexia Hauf,0,0,0,0,10,4,0,0,6,0,1,1,0,0,0,0,0,2,0,1,0,0,1,236.0,0,LW,0,0
320,SLO,25,Ivona Barukcic,1,0,2,2,0,0,2,0,0,0,0,0,0,3,0,1,0,1,0,1,0,0,3,39.0,0,LB,0,0
321,MKD,93,Katerina Damjanoska,0,0,2,2,0,0,0,0,0,0,0,0,0,0,0,1,0,2,0,0,0,0,2,68.0,0,LP,0,0
322,DEN,26,Stine Eiberg Jørgensen,0,0,1,0,0,0,0,0,0,0,0,0,0,0,0,2,0,0,0,1,2,0,0,63.0,0,LB,0,0
323,CRO,38,Katja Vukovic,0,0,1,0,0,0,0,0,0,1,0,0,0,0,0,1,0,0,0,0,0,0,0,55.0,0,LW,0,0
324,POL,22,Aleksandra Rosiak,0,1,2,6,1,0,16,2,1,0,0,0,4,13,0,2,0,15,0,3,0,0,22,204.0,0,LB,0,0
325,ISL,36,Elín Klara Þorkelsdóttir,0,0,0,0,0,0,6,0,2,0,0,0,3,5,0,3,0,8,0,0,0,0,7,118.0,0,CB,0,0
326,NOR,5,Anniken Obaidli,0,1,3,1,0,0,4,0,2,1,0,0,1,1,0,0,0,5,0,2,0,0,3,73.0,0,CB,0,0
327,GER,45,Jolina Huhnstock,0,0,0,2,0,0,0,0,0,0,0,0,0,0,0,1,0,1,0,1,0,0,3,63.0,0,LP,0,0
328,FRA,6,Chloé Valentini,0,0,8,1,17,11,0,0,10,1,0,0,0,1,0,2,0,8,0,5,0,0,1,420.0,0,LW,1,0
329,CRO,1,Lucija Bešen,0,0,0,0,0,0,0,0,0,0,0,0,0,0,0,0,0,0,0,1,0,0,2,151.0,0,GK,0,0
330,SRB,1,Marija Simic,0,0,0,0,0,0,0,0,0,0,0,0,0,0,0,0,0,0,0,0,0,0,0,16.0,0,GK,0,0
332,TUR,14,Nurceren Akgün Göktepe,0,0,1,1,0,0,0,0,1,0,1,1,0,0,0,0,0,3,0,1,2,0,1,115.0,0,LP,0,0
333,SUI,34,Emma Bächtiger,0,0,3,5,0,0,1,1,0,0,0,0,5,21,0,0,0,16,0,0,1,0,13,280.0,0,RB,0,0
334,ISL,4,Þórey Stefánsdóttir,0,0,0,1,4,3,0,0,2,0,0,0,0,0,0,0,0,1,0,1,0,0,1,157.0,0,RW,0,0
335,CRO,4,Tina Barišic,1,1,0,3,0,0,4,1,0,0,0,0,3,5,0,2,0,8,0,0,0,0,4,89.0,0,LB,0,0
336,DEN,21,Andrea Aagot Hansen,11,3,2,2,12,7,0,0,2,1,0,0,0,0,0,2,0,0,0,1,0,0,1,247.0,0,RW,0,0
337,SWE,54,Tyra Axnér,0,0,0,2,0,0,4,2,0,0,0,1,11,15,0,1,0,8,0,0,0,0,9,107.0,0,LB,0,0
338,FRA,22,Tamara Horacek,13,2,5,5,0,0,0,1,1,0,2,2,3,17,0,4,0,18,0,1,5,0,10,287.0,0,CB,0,0
339,FAR,17,Liv Bentsdottir Zachariasen,0,0,0,0,0,0,0,0,0,0,0,0,0,1,0,1,0,0,0,1,0,0,0,8.0,0,LB,0,0
340,SLO,11,Ana Abina,3,2,4,5,0,0,11,1,2,0,0,1,11,20,0,3,0,14,0,1,1,0,17,285.0,0,LB,0,0
341,DEN,33,Emma Cecilie Uhrskov Friis,1,1,3,3,18,4,0,0,3,0,1,1,0,0,0,0,0,1,0,4,0,0,3,365.0,0,LW,1,1
342,UKR,25,Liliia Horilska,3,1,3,2,0,0,0,0,0,0,1,1,0,2,0,1,0,1,0,1,1,0,2,114.0,0,LP,0,0
344,POL,18,Aleksandra Tomczyk,0,0,2,1,0,0,1,0,1,0,0,0,0,1,0,1,0,2,0,0,0,0,2,56.0,0,CB,0,0
345,ESP,27,Danila So Delgado Pinto,0,0,1,3,1,0,3,0,1,0,0,0,5,7,0,1,0,4,0,0,0,0,5,72.0,0,LB,0,0
346,ESP,37,Paola Bernabe Cobos,0,0,0,0,0,0,0,0,0,0,0,0,0,0,0,0,0,0,0,0,0,0,0,12.0,0,CB,0,0
347,DEN,41,Elma Halilcevic,0,0,0,0,7,2,1,0,3,2,0,0,0,0,0,0,0,0,0,4,0,0,0,132.0,0,LW,0,0
348,MNE,13,Dijana Mugoša,6,3,0,0,11,8,1,0,4,2,1,1,0,0,0,1,0,0,0,6,0,0,1,240.0,0,LW,1,0
349,MKD,33,Sara Ristovska,5,2,3,0,1,2,0,0,6,1,2,2,0,0,0,1,0,1,0,2,0,0,3,164.0,0,RW,0,0
350,CRO,17,Katarina Jezic,0,0,12,4,0,0,0,0,0,0,0,0,0,0,0,2,0,1,0,0,1,0,1,135.0,0,LP,0,0
351,DEN,3,Kaja Kamp Nielsen,2,1,11,4,1,1,0,0,1,1,0,0,0,0,0,1,0,2,0,3,0,0,5,216.0,0,LP,0,0
352,ISL,22,Elín Rósa Magnúsdóttir,0,0,0,5,0,0,5,2,0,0,0,0,1,0,0,0,0,9,0,0,0,0,6,68.0,0,CB,0,0
353,UKR,2,Liubov Rosokha,2,1,1,1,0,1,2,1,0,0,0,0,0,0,0,0,0,5,0,0,0,0,5,63.0,0,CB,0,0
354,SWE,24,Nathalie Hagman,8,5,4,3,10,6,0,0,14,2,6,7,0,1,0,0,0,0,0,4,0,0,3,376.0,0,RW,1,0
355,HUN,32,Noémi Pásztor,0,0,0,1,0,0,0,0,0,0,0,0,0,0,0,0,0,0,0,0,1,0,4,26.0,0,LP,0,0
356,NOR,26,Emilie Margrethe Hovden,3,2,2,4,19,7,0,0,6,0,1,1,1,0,0,1,0,1,0,1,0,0,3,346.0,0,RW,1,0
357,POL,21,Barbara Zima,0,0,0,0,0,0,0,0,0,1,0,0,0,0,0,0,0,1,0,0,0,0,4,132.0,0,GK,0,0
358,UKR,34,Karyna Kolodiuk,0,0,3,0,0,0,0,0,0,0,0,0,0,0,0,0,0,0,0,0,0,0,1,47.0,0,LP,0,0
359,FRA,1,Laura Glauser,0,0,0,0,0,0,0,0,0,0,1,2,0,0,0,0,0,2,0,0,0,0,4,347.0,0,GK,1,0
360,CZE,51,Markéta Jerábková,3,0,2,2,0,0,0,0,1,0,3,3,9,14,0,0,0,10,0,3,0,0,18,166.0,0,LB,0,0
363,ESP,75,Paula María Agulló Pelegrin,0,0,0,0,2,1,0,0,0,0,0,0,0,0,0,0,0,0,0,0,0,0,4,51.0,0,RW,0,0
364,SVK,33,Dorota Bacenkova,0,0,0,1,0,0,2,0,0,0,0,0,0,4,0,0,0,5,0,0,0,0,6,52.0,0,CB,0,0
365,ISL,15,Johanna Margret Sigurdardottir,0,0,0,0,0,0,0,0,0,0,0,0,0,0,0,0,0,1,0,0,0,0,0,2.0,0,LB,0,0
366,POL,9,Magda Balsam,6,3,1,0,8,4,1,0,3,0,0,0,0,0,1,1,0,0,0,1,0,0,2,264.0,0,RW,0,0
367,SLO,19,Špela Bajc,0,0,0,0,0,0,1,0,0,0,0,0,1,0,0,0,0,0,0,0,1,0,2,20.0,0,RB,0,0
368,FRA,3,Alicia Toublanc,0,0,0,0,2,2,0,0,4,1,0,0,0,1,0,0,0,0,0,2,0,0,1,68.0,0,RW,0,0
370,SVK,3,Alena Dvoršcáková,1,2,1,1,0,1,0,0,0,0,0,0,1,1,0,0,0,1,0,2,0,0,3,59.0,0,RB,0,0
371,FRA,8,Coralie Lassource,0,0,1,0,1,1,0,0,4,2,0,0,0,0,0,1,0,1,0,2,0,0,2,89.0,0,LW,0,0
372,SVK,26,Nicol Nejedlikova,0,0,0,0,0,1,0,0,0,1,0,0,0,0,0,0,0,0,0,0,0,0,1,48.0,0,LW,0,0
373,SUI,8,Mia Sofia Emmenegger,0,0,3,5,18,15,0,0,9,1,0,0,0,0,0,0,0,4,0,5,0,0,4,411.0,0,RW,1,0
375,TUR,26,Digdem Hosgör,0,1,0,2,0,0,0,0,0,0,0,0,0,5,0,0,0,1,0,1,0,0,2,22.0,0,LB,0,0
376,ROU,18,Daria Bucur,0,0,0,0,0,0,0,0,0,0,0,0,0,0,0,4,0,0,0,0,0,0,0,46.0,0,RB,0,0
377,SUI,33,Nora Snedkerud,0,0,5,1,0,0,0,0,0,0,0,0,0,1,0,0,0,0,0,0,0,0,1,75.0,0,LP,0,0
378,DEN,18,Mette Tranborg,0,0,0,0,0,0,0,0,0,0,0,0,0,1,0,4,0,0,0,1,2,0,2,82.0,0,RB,0,0
379,SWE,7,Linn Blohm,0,0,11,7,0,0,0,0,4,0,1,1,0,0,0,5,0,10,0,6,4,0,6,303.0,0,LP,0,0
380,UKR,37,Valeriia Nesterenko,0,1,2,0,0,0,2,1,1,0,0,0,6,10,0,0,0,0,0,1,0,0,11,83.0,0,LB,0,0
381,SLO,5,Elena Erceg,0,0,0,0,2,1,0,0,0,0,0,0,0,0,0,1,0,0,0,0,0,0,1,39.0,0,RW,0,0
382,POL,39,Natalia Agnieszka Nosek,0,0,1,3,0,0,0,0,0,0,0,0,5,6,0,1,0,3,0,1,0,0,3,96.0,0,RB,0,0
383,SRB,31,Katarina Bojicic,0,0,1,0,0,0,0,0,0,0,0,0,0,0,0,3,0,1,0,0,0,0,4,73.0,0,LP,0,0
384,HUN,52,Gréta Éva Juhász,0,0,1,0,0,0,0,2,0,0,0,1,3,1,0,0,0,2,0,0,0,0,5,26.0,0,LB,0,0
385,FRA,99,Hatadou Sako,0,0,0,0,0,0,0,0,0,0,0,0,0,0,0,0,0,2,0,0,0,0,1,132.0,0,GK,0,0
386,MNE,1,Marina Rajcic,0,0,0,0,0,0,0,0,0,0,0,0,0,0,0,0,0,0,0,0,0,0,0,65.0,0,GK,0,0
387,NOR,14,Kristine Breistøl,0,0,5,2,0,0,2,0,1,0,2,2,11,13,0,5,0,12,0,3,5,0,11,153.0,0,LB,0,0
389,HUN,48,Dorottya Faluvégi,0,0,1,0,8,4,0,0,0,0,2,2,0,0,0,2,0,1,0,2,0,0,4,128.0,0,RW,0,0
390,POR,88,Neide Duarte,0,0,0,1,3,0,0,0,0,0,0,0,0,0,0,0,0,0,0,0,0,0,2,114.0,0,RW,0,0
391,UKR,16,Viktoriia Saltaniuk,0,0,0,0,0,0,0,0,0,0,0,0,0,0,0,0,0,0,0,0,0,0,0,70.0,0,GK,0,0
393,NOR,21,Ingvild Kristiansen Bakkerud,0,0,0,2,0,0,4,1,2,0,0,0,6,6,0,5,0,12,0,3,5,0,6,168.0,0,LB,0,0
394,ESP,70,Carmen Arroyo Pimienta,0,0,0,0,0,0,1,0,1,0,2,2,0,1,0,1,0,2,0,2,2,0,2,75.0,0,LB,0,0
395,GER,29,Antje Döll,1,1,1,0,4,5,0,0,1,0,0,0,0,0,0,3,0,0,0,5,0,0,1,167.0,0,LW,0,0
396,ISL,5,Rut Arfjörð Jonsdottir,0,0,0,1,0,0,0,0,0,0,0,0,0,0,0,0,0,1,0,0,0,0,0,6.0,0,RB,0,0
397,HUN,77,Petra Anna Simon,3,2,4,3,0,0,12,4,1,0,0,0,6,5,0,2,0,23,0,2,0,0,16,213.0,0,CB,1,0
398,CZE,24,Eliška Desortová,0,0,0,2,0,0,0,0,0,0,1,1,0,1,0,0,0,2,0,1,0,0,1,16.0,0,LB,0,0
399,AUT,29,Ines Ivancok-Soltic,3,3,6,1,0,0,0,0,4,0,0,0,4,4,0,1,0,3,0,2,4,0,4,112.0,0,LB,0,0
400,SUI,32,Seraina Kuratli,0,0,0,0,0,0,0,0,0,0,0,0,0,0,0,0,0,0,0,0,0,0,0,46.0,0,GK,0,0
401,FAR,2,Elsa Egholm,0,0,1,2,0,0,0,1,0,0,0,0,0,1,0,1,0,2,0,0,0,0,2,71.0,0,LB,0,0
402,AUT,9,Patricia Kovács,2,0,2,1,0,0,0,0,0,0,0,0,0,1,0,0,0,5,0,0,0,0,2,66.0,0,CB,0,0
403,NOR,24,Sanna Charlotte Solberg-Isaksen,0,0,2,2,15,1,1,0,7,1,0,0,0,0,0,2,0,1,0,1,0,0,1,276.0,0,LW,0,0
404,NED,17,Catharina Agatha Anna Molenaar,2,0,1,1,0,0,3,0,0,0,1,1,1,1,0,1,0,5,0,0,1,0,4,55.0,0,LB,0,0
405,HUN,42,Katrin Gitta Klujber,28,5,8,11,1,0,3,3,0,0,5,7,15,22,0,3,0,28,0,7,1,0,12,322.0,0,RB,1,1
406,MNE,11,Ivana Godec,0,0,0,2,0,0,0,0,0,0,1,1,0,0,0,5,0,0,0,0,1,0,0,137.0,0,LP,0,0
407,DEN,42,Michala Elsberg Møller,3,4,5,6,0,0,10,2,3,0,1,1,5,3,0,5,0,24,0,3,1,0,11,369.0,0,RB,1,0
408,CZE,44,Dominika Zachova,0,0,0,0,0,1,1,0,1,0,0,0,0,0,0,0,0,0,0,1,0,0,1,92.0,0,RW,0,0
409,NOR,6,Maren Nyland Aardahl,0,0,14,5,0,0,0,0,1,1,3,4,0,1,0,3,0,8,0,4,3,0,4,300.0,0,LP,0,0
410,SVK,77,Barbora Jakubíková,0,0,0,0,0,0,0,0,0,0,0,0,0,0,0,0,0,0,0,0,0,0,0,49.0,0,GK,0,0
411,DEN,12,Anna Opstrup Kristensen,0,0,0,0,0,0,0,0,0,0,0,0,0,0,0,1,0,0,0,0,0,0,1,344.0,0,GK,1,1
412,SRB,6,Una Obrenovic,1,2,0,2,0,0,0,0,0,0,0,0,0,0,0,0,0,0,0,0,0,0,5,18.0,0,CB,0,0
413,SLO,44,Blazka Hauptman,0,1,0,0,0,0,0,0,0,0,0,0,0,0,0,0,0,0,0,0,0,0,0,14.0,0,CB,0,0
414,AUT,22,Stefanie Kaiser,0,0,1,0,0,0,0,0,0,0,0,0,0,0,0,3,0,0,0,0,0,0,1,26.0,0,LP,0,0
415,TUR,37,Ceren Demirçelen,0,0,2,1,0,0,0,0,1,0,0,0,0,0,0,4,0,1,0,0,1,0,5,101.0,0,GK,0,0
416,FAR,4,Brynhild Pálsdóttir,0,0,2,0,4,6,0,0,0,1,0,0,0,0,0,0,0,1,0,0,0,0,0,81.0,0,RW,0,0
417,SRB,29,Natasa Lovric,0,0,0,0,2,1,0,0,0,0,0,0,0,0,0,0,0,1,0,0,0,0,0,66.0,0,RW,0,0
418,ROU,71,Alicia Maria Gogirla,0,0,3,1,0,0,1,0,0,0,0,0,3,10,0,1,0,8,0,1,1,0,6,71.0,0,RB,0,0
419,CZE,35,Valerie Smetková,0,0,0,1,0,0,1,0,0,0,0,0,3,1,0,2,0,2,0,0,0,0,3,42.0,0,RB,0,0
420,SUI,13,Era Baumann,4,2,1,1,5,6,0,0,2,0,0,0,0,0,0,1,0,2,0,0,0,0,0,163.0,0,LW,0,0
422,SLO,4,Erin Novak,0,1,0,0,0,0,2,0,0,0,0,0,1,4,0,1,0,1,0,0,2,0,1,85.0,0,LB,0,0
423,SWE,23,Emma Lindqvist,0,0,10,2,0,0,14,7,3,1,0,0,10,8,0,3,0,16,0,7,3,0,18,380.0,0,CB,0,0
424,ESP,62,Paula Arcos Poveda,0,0,2,5,0,0,3,1,1,0,2,2,0,2,0,0,0,10,0,3,0,0,5,131.0,0,LB,0,0
425,SLO,29,Živa Copi,0,0,0,1,6,4,0,0,1,1,0,0,0,0,0,3,0,1,0,0,0,0,0,133.0,0,RW,0,0
426,ISL,28,Steinunn Björnsdóttir,0,0,4,0,0,0,0,0,1,0,1,4,0,0,0,2,0,4,0,1,0,0,3,147.0,0,LP,0,0
427,NED,14,Judith Van der Helm,0,0,1,0,0,0,1,0,1,1,0,1,9,2,1,10,0,4,0,6,6,0,6,228.0,0,LB,0,0
428,FRA,21,Orlane Kanor,0,0,3,2,0,0,0,0,1,1,1,1,7,11,1,2,0,5,0,0,1,0,7,107.0,0,LB,0,0
429,MNE,37,Nina Bulatovic,0,0,0,1,6,9,0,0,4,0,0,0,0,0,0,5,0,6,0,11,1,0,1,373.0,0,LW,0,0
430,SWE,17,Nina Dano,0,0,2,3,0,0,1,0,0,1,0,0,2,3,0,2,0,4,0,0,0,0,6,105.0,0,RB,0,0
431,SRB,91,Tatjana Cinku,0,0,0,0,0,0,0,0,0,0,0,0,0,0,0,0,0,0,0,0,0,0,0,20.0,0,GK,0,0
432,SVK,61,Iryna Yablonska Bobal,0,0,0,0,0,0,0,0,0,0,0,0,0,0,0,0,0,0,0,0,0,0,0,45.0,0,GK,0,0
435,SUI,21,Malin Altherr,0,0,0,2,0,0,0,0,0,1,0,0,1,1,0,0,0,2,0,0,0,0,3,26.0,0,RB,0,0
436,HUN,16,Blanka Böde-Bíró,0,0,0,0,0,0,0,0,0,0,0,0,0,0,0,0,0,0,0,0,0,0,0,158.0,0,GK,0,0
438,FRA,32,Sarah Bouktit,5,1,6,3,0,0,0,0,0,0,0,0,0,0,0,2,0,7,0,1,1,0,3,117.0,0,CB,0,0
439,DEN,32,Mie Enggrob Højlund,0,0,5,7,0,0,13,5,0,0,0,0,2,6,0,3,0,17,0,0,1,0,11,160.0,0,RB,0,0
440,FRA,4,Pauline Coatanea,0,0,0,1,4,3,1,0,7,0,0,0,0,0,0,3,0,2,0,2,0,0,2,117.0,0,RW,0,0
441,MKD,12,Dragana Petkovska,0,0,0,0,0,0,0,0,0,0,0,0,0,0,0,0,0,0,0,0,0,0,0,40.0,0,GK,0,0
442,GER,8,Nina Engel,0,0,5,3,0,0,11,4,2,0,1,1,4,5,0,0,0,4,0,2,0,0,8,209.0,0,RB,0,0
443,FRA,12,Floriane Andre,0,0,0,0,0,0,0,0,0,0,0,0,0,0,0,0,0,1,0,0,0,0,1,30.0,0,GK,0,0
444,SLO,17,Nataša Ljepoja,2,0,22,4,0,0,0,0,1,0,3,3,0,0,0,10,0,5,0,2,1,0,4,299.0,0,LP,1,0
445,GER,23,Annika Lott,0,0,4,1,0,0,3,2,2,0,0,0,6,5,0,1,0,23,0,3,2,0,9,118.0,0,CB,0,0
446,DEN,6,Helena Elver Hagesø,0,0,9,5,0,1,19,3,0,0,0,0,2,5,0,0,0,26,0,1,1,0,27,182.0,0,CB,1,0
447,TUR,9,Asli Iskit-Caliskan,3,2,1,1,0,0,1,0,2,0,0,0,3,6,0,1,0,7,0,1,0,0,9,125.0,0,LB,0,0
